{"columns":[
   {"name":"c","kind":"Entity"}]
 ,"tuples":[
   [{"label":"Flyweight"}]
  ,[{"label":"Component"}]
  ,[{"label":"Job"}]
  ,[{"label":"RealSubject"}]
  ,[{"label":"Subject"}]
  ,[{"label":"ConcreteFlyweight"}]
  ,[{"label":"SubsystemC"}]
  ,[{"label":"SubsystemB"}]
  ,[{"label":"SubsystemA"}]
  ,[{"label":"Decorator"}]
  ,[{"label":"Component"}]
  ,[{"label":"Implementor"}]
  ,[{"label":"Abstraction"}]
  ,[{"label":"Adaptee"}]
  ,[{"label":"Target"}]
  ,[{"label":"Adaptee"}]
  ,[{"label":"Target"}]
  ,[{"label":"TestSingleton"}]
  ,[{"label":"JobQueue"}]
  ,[{"label":"Proxy"}]
  ,[{"label":"FlyweightFactory"}]
  ,[{"label":"UnsharedConcreteFlyweight"}]
  ,[{"label":"Facade"}]
  ,[{"label":"ConcreteDecoratorB"}]
  ,[{"label":"ConcreteDecoratorA"}]
  ,[{"label":"ConcreteComponent"}]
  ,[{"label":"Leaf"}]
  ,[{"label":"Composite"}]
  ,[{"label":"RefinedAbstraction"}]
  ,[{"label":"ConcreteImplementorB"}]
  ,[{"label":"ConcreteImplementorA"}]
  ,[{"label":"Adapter"}]
  ,[{"label":"Adapter"}]
  ,[{"label":"InvalidRequest"}]]
 }
